Slack pastes carried times	U
GitHub-hosted runner images	A M
three claimed overlaps between Company Planning	U L
two outside research passes	T B
sync_priority_to_single_subscription	E
project-browser deploy were reported	C A G
self-hosted gotchas	not_a_failure
Two self-corrections deploying Paperclip	U
I added Cloudflare Access	R
A /proc cwd scan	V
an @~/... import	D not_a_failure
Told Brian second-brain-mega had 2 stale pins	V
test_compaction_preflight_report	M
generate_wiki_routing_stub.py emitted	R
byte-identical to the existing stub	V U
second-brain-mega pins Inside-Success/llm_client	E
My ad hoc audit marked	L
Mirror PR #3 fixed	E J
worktree cleanup removed 21	E
`codex exec PROMPT`	W not_a_failure
lrn-20260826T153101933360Z-9ae3387b7d	U
lrn-20260825T163008796978Z-c5adea4698	M A
lrn-20260916T013344314194Z-be2946d9b6	U V
lrn-20260908T011241603353Z-7467c89055	K
lrn-20260909T051708158378Z-b220c35de9	A
lrn-20260906T174434094188Z-032877a6f4	Q
lrn-20260823T222844060404Z-a710ef48fc	N
lrn-20260914T045354777955Z-fb40214eb3	E U
lrn-20260905T012617322666Z-1e4465e00d	L
lrn-20260902T222058124118Z-21912923ae	M
